simulation,final_pnl
1,10.286528049422884
2,9.970264106453968
3,5.447078982225477
4,11.838776194224835
5,-36.54307660828696
6,8.9239189725197
7,0.0
8,5.994013501196889
9,9.770834536778622
10,5.224091273455912
11,11.524832930936256
12,9.705000958603279
13,38.127823413246574
14,9.535322339406378
15,9.238673199428888
16,0.0
17,9.326533398280631
18,10.111823922847009
19,0.0
20,11.03704595455251
21,16.720314167038538
22,9.67712208410029
23,-11.137909730523134
24,9.48942769804151
25,4.9192357969604075
26,0.0
27,9.45363781675917
28,17.431975180106207
29,9.568127759440728
30,8.66933595387205
31,-34.72831167738431
32,-35.570470346027065
33,9.907792025676713
34,-9.356873703977186
35,19.173839507387527
36,11.383134050318489
37,7.278920786650801
38,12.07502582265873
39,10.659623403073041
40,14.409374738925408
41,5.101521996160798
42,11.641921228693263
43,12.35389688089812
44,0.7664152988468516
45,6.947245540902344
46,4.900358008206339
47,0.0
48,9.825888028088912
49,-2.5456584860405087
50,-8.03187475873051
51,20.56426368297106
52,-7.585388719076306
53,11.984640151030533
54,17.604150909036036
55,-40.5058982289032
56,11.79079801430646
57,13.33754699654817
58,8.87230531262098
59,12.143991306986777
60,10.384527463568503
61,15.944170021138945
62,8.84875436313665
63,11.270962989542639
64,9.371517680198423
65,19.15553530223616
66,0.0
67,-7.706314963570705
68,5.60219479940605
69,17.259475778868307
70,4.83228245029477
71,12.1939731175529
72,9.797300581363373
73,0.0
74,11.543052874736148
75,9.579460095268828
76,13.268033930569004
77,5.143494617819755
78,11.626463866490752
79,6.955043433885649
80,11.697259159932742
81,5.860987206896141
82,0.0
83,9.36288342302025
84,0.0
85,11.451825580499701
86,-35.81380587158037
87,5.223587909415855
88,6.527082425004053
89,0.0
90,-11.518143490295273
91,9.857292557188842
92,-7.546878324536891
93,6.791664833419361
94,5.117626000064817
95,27.016095868180074
96,-34.40011206523127
97,7.180386065347989
98,12.22822413515837
99,11.350831767704506
100,-38.13919378062552
101,10.33841906031195
102,5.668553362378475
103,40.73555950607556
104,9.84240719806995
105,19.727596867428105
106,12.92789984733109
107,10.066856967176392
108,5.958406177451565
109,-8.87162842334881
110,9.021941174326102
111,10.404678154774203
112,8.064455000542793
113,34.81772150675613
114,10.113243717190798
115,5.9103724308308045
116,10.289448645187406
117,5.378733824754235
118,9.684127263416755
119,10.780044005649742
120,-0.7660898563087954
121,19.44066414392904
122,4.8246077703252155
123,0.0
124,10.747810102341077
125,8.999878788316138
126,9.327006565119788
127,0.0
128,-0.2980471266475888
129,12.669908239857847
130,9.117901281664231
131,8.66906098664984
132,27.88562967069052
133,6.012671212347712
134,0.0
135,13.38653726325002
136,5.766254286458292
137,9.791151069367515
138,18.534613264214343
139,11.373903549414706
140,8.441913954166765
141,12.758972007772769
142,-9.646304184978192
143,11.84423315464474
144,12.270260197515483
145,0.0
146,8.788627840535966
147,12.89457716723561
148,9.266957880424414
149,10.189085597438677
150,11.478544622542728
151,9.756259066680272
152,5.6794972852927685
153,0.0
154,0.0
155,0.0
156,12.513444948786386
157,11.108206108352533
158,5.085960311900109
159,0.0
160,0.0
161,12.88325866992298
162,11.87435912244868
163,11.299537857633425
164,5.529654592752138
165,11.447202872189493
166,-4.926229925999436
167,4.094920575060058
168,-9.42746249431103
169,0.0
170,9.901455302105447
171,-9.786261222920686
172,0.0
173,40.10818128364207
174,10.647936294714697
175,0.0
176,9.905497459833313
177,5.834587927987059
178,10.534445482970568
179,11.46581954555458
180,11.890744197915922
181,4.759312640364612
182,10.368730822981249
183,5.1280432832704435
184,-3.6396446772347133
185,8.610881890708086
186,9.441622029599628
187,-8.018443562955767
188,-10.100016015833205
189,11.179690803113715
190,9.246981890239383
191,0.0
192,-0.35867681452928935
193,-9.4768929829645
194,6.340831032492758
195,4.91099311346855
196,0.0
197,0.0
198,5.722717850170568
199,-8.714839965457202
200,13.106403642718789
201,-33.66684947041095
202,3.7363970215932625
203,8.829229740491058
204,17.54648711037737
205,0.0
206,6.371048826478969
207,11.158306891551959
208,-35.56832642729147
209,0.0
210,11.306086054166258
211,0.0
212,5.681524555041321
213,10.055925672207593
214,10.674690744064122
215,15.714692007499906
216,11.608320069710715
217,10.266315853668715
218,38.64799535072066
219,18.40466424033056
220,9.56888537597095
221,8.922456088341193
222,11.075433867302252
223,36.78430414647568
224,0.0
225,9.840620908127647
226,-7.697280696556106
227,9.569048890144359
228,11.294180489613368
229,0.0
230,9.589334471447273
231,5.1706497855734455
232,9.486738505338735
233,18.370058114528447
234,4.937272951902159
235,4.786046893847498
236,17.087405221654535
237,8.51105702059985
238,6.862119497185773
239,18.138243261455727
240,8.664028069808126
241,10.985022731821147
242,-35.419328349056315
243,18.825183381681143
244,11.697904299590732
245,-9.24586117658238
246,0.0
247,11.56933632160164
248,9.230546139913884
249,5.238680471684262
250,0.0
251,10.993427640094183
252,9.964795837054169
253,12.163205365191018
254,9.358135281357079
255,0.0
256,10.871228112311087
257,10.013720925090198
258,4.846085872277669
259,-10.99916089375236
260,1.1564882445552627
261,10.168832223549089
262,12.496935285928132
263,-7.63307776270878
264,7.7020952283723005
265,8.514968910325067
266,5.413378781808376
267,9.837975340532196
268,11.723045570921414
269,4.83708145417603
270,19.068783101673674
271,0.0
272,0.0
273,9.644287797785324
274,18.063634291793846
275,-38.496549829225216
276,2.8993036068829525
277,14.019890885743962
278,-32.06256491532872
279,9.665912576462745
280,9.05785087509986
281,12.397434156216633
282,0.0
283,10.513667608043534
284,11.38405267139703
285,4.777673560892026
286,10.916731649670524
287,11.572073214444174
288,8.879362125069719
289,12.329565188888523
290,0.0
291,37.41705045127571
292,13.033208835109122
293,8.67908202254199
294,13.416824670144962
295,6.528644061915045
296,-37.56859338232316
297,8.786376129093924
298,0.0
299,9.294976133273195
300,6.401258381890102
301,9.209349617529114
302,11.403016853277677
303,5.026732467974085
304,11.315927364437158
305,9.638153318851863
306,10.058047636846354
307,4.876904840630047
308,13.191311534179107
309,11.234032786957968
310,-11.450401084727815
311,17.634888325994297
312,10.93709146459689
313,9.675349216151773
314,-37.05774971420899
315,14.660749944392478
316,38.90155434416931
317,5.340881463797842
318,0.0
319,9.979412133957496
320,4.921057964546577
321,8.865726704140457
322,0.0
323,19.702504160930218
324,14.1833037519839
325,9.48472172428879
326,6.067232179001323
327,6.682549284377501
328,10.125104219248556
329,43.29415267046983
330,11.37252441815373
331,13.85195140697337
332,12.654355474240248
333,-38.26685433365387
334,5.293228278509858
335,0.0
336,10.11451351378119
337,-5.068513443208573
338,5.000924593414112
339,0.0
340,9.99061005563199
341,17.649216825131077
342,11.058281262579428
343,9.141411318008366
344,9.093169030048415
345,10.836171535546924
346,9.982320758087667
347,8.914488274426773
348,10.280035185800884
349,11.142012549426042
350,12.758868973111433
351,0.0
352,11.68859161557286
353,10.265129296760932
354,15.695705113095372
355,-35.397226437243205
356,12.044489168399252
357,0.0
358,11.88682190043508
359,9.723402360900934
360,11.371245904855769
361,4.868976763768131
362,11.573924638290777
363,0.0
364,-4.3249700587730615
365,0.0
366,9.546168793079246
367,20.043695854448913
368,-9.509465788293241
369,6.092035458542
370,-35.42370000184691
371,-7.067471770584305
372,9.465712544179013
373,13.589014215184392
374,0.0
375,0.0
376,8.814136542943288
377,16.11336203814173
378,10.008139271447362
379,6.724630521411626
380,16.772230393172947
381,10.351160353111652
382,9.30262850964452
383,0.0
384,0.0
385,-34.87840472443132
386,8.98318554381072
387,0.0
388,-9.41905213780791
389,-7.634710780363378
390,0.0
391,8.460219719795688
392,-10.852298010004347
393,7.240656132788388
394,5.52166731681946
395,10.080916422366727
396,11.216590102841351
397,-0.8318496889928042
398,9.065116139960026
399,5.726259199794669
400,9.152064524543434
401,12.259831246617807
402,8.940302882367092
403,0.0
404,7.640926143463446
405,17.20222543888147
406,-34.52046527809665
407,0.1273339182527451
408,0.0
409,0.0
410,0.0
411,-35.4876873803765
412,10.0357704133109
413,10.04195782259491
414,9.331709777505822
415,-38.217852217306444
416,6.3678710681828505
417,18.746470547106853
418,37.19428941579031
419,9.338324680088519
420,-18.75199428108057
421,0.0
422,0.0
423,-37.8623272974921
424,8.405894430057316
425,12.711362911144263
426,10.263103951949603
427,9.901012959037871
428,10.479676807320232
429,15.807656009210149
430,0.0
431,4.643740894406648
432,11.95584907650003
433,8.463533396960145
434,16.406803202869753
435,6.958240551041172
436,0.0
437,14.737305065132034
438,0.0
439,10.154394073799352
440,13.502464042127585
441,18.096190164043037
442,36.452427127111775
443,8.412742308622882
444,4.802342570156071
445,0.0
446,19.238860395279772
447,10.183402532118919
448,8.998414439331384
449,9.19481668366926
450,11.20460464895065
451,0.0
452,9.867955792789672
453,13.539986425647186
454,9.411335838737273
455,11.584161649065706
456,35.381889487195735
457,8.964742994026182
458,8.9755089096262
459,12.60489625941193
460,-6.377307447198689
461,4.758284087784688
462,36.06756069382601
463,-38.71198219315125
464,13.388907170093674
465,9.971493225003684
466,4.911881184701301
467,10.883460999282107
468,5.105700314080849
469,12.37381456722946
470,12.326473090816705
471,10.970645662242518
472,11.452305490314458
473,8.737384787315136
474,6.620496291112005
475,9.265320829365862
476,-12.237334762669335
477,10.470396181931065
478,0.0
479,12.958915489150698
480,11.09600413619252
481,7.6758821397613985
482,-7.60252017263312
483,10.198469975720542
484,0.0
485,0.0
486,0.0
487,18.728511950559167
488,0.0
489,9.050891696592885
490,6.146832527025836
491,8.842123103750822
492,10.735448781960073
493,9.620397976283257
494,11.415781344275459
495,-31.604857744903413
496,-35.953821700822445
497,10.607612330362059
498,13.189401457746357
499,-36.08190834136167
500,-8.050762941849214
501,10.913175442080899
502,-17.62572525404542
503,-8.988409058404386
504,0.0
505,0.0
506,3.2997969060454295
507,13.380104344636337
508,-29.93974806830755
509,12.23194143428934
510,11.59165189669207
511,8.65404416254053
512,-37.57174797713239
513,5.360796819196352
514,10.472825485350256
515,5.089711619984556
516,0.0
517,0.0
518,-38.24110914657627
519,9.42994854251657
520,0.0
521,11.686587105393798
522,10.010142267934782
523,11.271930257118058
524,10.640657388047913
525,9.059291600618451
526,0.0
527,5.062021299298252
528,11.40634966533139
529,15.103036276579445
530,5.108037758276907
531,8.56933301536003
532,9.773182722444702
533,9.268506713556675
534,8.82486316018037
535,38.442778945206726
536,5.402978358422203
537,8.857029957056739
538,19.09393987644627
539,23.21400799626865
540,9.956996681680408
541,0.0
542,9.740543213325253
543,-7.269149382324841
544,-10.30518138831809
545,11.496889821523666
546,13.66183034295392
547,8.837240086998193
548,11.040286906917089
549,12.482669423220798
550,0.0
551,4.764485051888585
552,6.05430980626609
553,19.156209404339123
554,10.081666179929869
555,2.3675653731437905
556,9.829081821493489
557,7.602390499781848
558,11.51890674117169
559,8.472791269977193
560,0.0
561,5.351684918865658
562,10.384828431016246
563,8.785123379319828
564,0.0
565,-35.575079347294036
566,19.429586238283648
567,5.355908474577873
568,10.390594803077661
569,18.300565581139566
570,18.313766137617336
571,-7.382497614811911
572,0.0
573,13.606702187575578
574,5.426186433027368
575,17.73342494869911
576,4.774220270759287
577,5.716810157470576
578,0.0
579,19.284549901995717
580,-6.70757184724377
581,37.04831659034335
582,11.353966776245969
583,4.340249089350564
584,0.0
585,13.121595643810053
586,17.154444204874892
587,12.055025965129033
588,0.0
589,10.044852807395046
590,5.556929935281474
591,-36.60495569516105
592,11.35554898377194
593,10.75869684314651
594,-0.06312653984981864
595,7.311164858149567
596,7.078737665997693
597,38.488116009140356
598,18.348911997912722
599,11.055232038659938
600,9.325598431227931
601,6.731979057125045
602,8.469915952098148
603,9.036557295726226
604,-8.98506798977678
605,10.094114596267673
606,0.0
607,9.791153481239846
608,11.942201467670344
609,0.0
610,-39.69450649198419
611,17.95129888942722
612,11.264689780848144
613,17.97114916954942
614,0.0
615,10.192390673875806
616,6.302149241541912
617,5.06235300040359
618,7.788074210989208
619,0.0
620,-35.97502393791996
621,0.0
622,11.888778521574409
623,13.681030916322598
624,10.476478758712872
625,26.165705460443093
626,0.0
627,9.66676456349353
628,9.727986542373543
629,15.818142357835256
630,0.0
631,11.884573601133638
632,5.39510998627928
633,11.072404955882291
634,0.0
635,5.356649302240584
636,18.71884784289638
637,35.418518499783346
638,0.0
639,10.009333722980074
640,-38.0335409149071
641,18.504417490324187
642,5.052483640148779
643,0.0
644,18.898663527690417
645,6.440895520794911
646,-10.683105320202145
647,-8.158797205947167
648,11.67358360009976
649,10.315124995169555
650,0.0
651,9.074786624827922
652,-5.102260115536666
653,18.2977216846204
654,0.0
655,18.625841987704305
656,0.0
657,5.737758267625637
658,0.0
659,-0.8244470784721472
660,11.006127011621118
661,-9.692891440902073
662,-37.88872321895791
663,0.0
664,12.064509173288968
665,13.559517860146485
666,10.165568711244504
667,40.4450109029284
668,10.128429704969989
669,9.641118673281966
670,7.171240987125444
671,5.17137206189463
672,11.197418494116434
673,6.092789397499729
674,5.649785395535972
675,9.223464891216636
676,9.691926497232316
677,19.494271742950673
678,5.40903776637235
679,8.936519513268024
680,8.853562663099439
681,13.027776410099676
682,17.766598905014206
683,8.770975652043546
684,9.013634239027013
685,0.0
686,10.447771481964509
687,9.555904554379083
688,19.61923033220718
689,13.236765834951498
690,0.0
691,-14.421600472903592
692,8.394238988320382
693,0.0
694,-31.836827847733446
695,-35.646573637110194
696,7.168630748773239
697,11.565729956686965
698,10.391845129107594
699,10.816510000998733
700,5.3469317836156165
701,10.82402590614771
702,9.492995878907536
703,5.748095626193674
704,6.132948890406226
705,0.0
706,38.59530455472469
707,9.432765875361383
708,39.33748717518782
709,18.26150489913202
710,10.161968754668493
711,0.0
712,0.0
713,19.085788832583887
714,11.722718772051579
715,10.201973596033383
716,0.0
717,10.491131179275612
718,18.18607320022616
719,9.824318910317174
720,19.690135758021555
721,9.555718992747728
722,11.230290417819987
723,8.183479865757008
724,4.794917591808954
725,4.782056592955371
726,10.153146275614162
727,11.107341925283194
728,9.871077996570733
729,0.0
730,10.107475577350371
731,9.000297213555868
732,12.432356933349894
733,14.082164529067668
734,9.906315022663478
735,0.0
736,-37.473843178951654
737,-31.434652794220796
738,5.917301318019838
739,8.743433019854564
740,0.0
741,10.656645810806253
742,13.831476080833454
743,4.049742096346179
744,8.861799916392883
745,12.581160904100145
746,0.0
747,14.525720923854848
748,0.0
749,18.27131829777055
750,0.0
751,0.0
752,9.867986681824746
753,9.336036254330395
754,0.0
755,9.744308139816013
756,10.499433586873494
757,-2.449452296953538
758,-10.746861507399473
759,9.608500298183898
760,-34.422830801162206
761,9.352279377072705
762,4.804194478236482
763,9.66120381777614
764,9.743644218694456
765,0.0
766,7.265111755764636
767,0.0
768,36.434208326504205
769,6.15255321208933
770,12.373641888463524
771,9.309821902620769
772,8.845045207679178
773,10.883418970171405
774,12.584718038954108
775,19.084359467036563
776,12.828536258618698
777,9.46068985990297
778,-4.051864060642572
779,0.0
780,9.197429485861491
781,8.584656447515158
782,10.776119704649517
783,9.033579753526055
784,0.0
785,11.785040493959272
786,-10.189577757988914
787,36.81549434048003
788,11.228485150712402
789,13.628536673530277
790,10.859928293606998
791,8.610959528546871
792,10.806510415141673
793,17.938983821180216
794,9.368875392339092
795,6.6713480096915845
796,6.0446016627605275
797,8.78333319716512
798,0.0
799,7.559858507451509
800,28.176491046455908
801,9.22100741537875
802,38.390366589053
803,18.617109227714423
804,6.09038369902936
805,13.074919764585246
806,11.372699645169007
807,12.516717452168479
808,11.216144944228574
809,12.19671707906339
810,0.0
811,28.956514742104957
812,0.0
813,29.141957633801326
814,9.770079839784572
815,11.757567554194821
816,0.0
817,10.868994796022974
818,9.80744074757851
819,13.963023318069162
820,12.045219987880913
821,11.334718562793213
822,5.0529997130034445
823,0.0
824,0.0
825,-9.965603481733126
826,-7.8954012095772015
827,12.247837662138096
828,5.970822768167039
829,5.064163352639127
830,8.707344691097802
831,5.684595495914451
832,9.985726031209609
833,9.237839884838948
834,11.736454458685216
835,0.0
836,9.310491057707182
837,5.021624613942038
838,16.239527295479334
839,11.856337195825702
840,0.0
841,11.94071122155114
842,18.751676999392984
843,0.0
844,-3.416866472980985
845,0.0
846,7.630065223669305
847,0.0
848,0.0
849,6.485035051459363
850,17.196950412050725
851,0.0
852,10.170502013327734
853,4.74435526645388
854,10.83149735961554
855,12.276780304433544
856,0.0
857,5.28415840197691
858,0.0
859,9.965159514787217
860,11.495793281247074
861,13.29279885243696
862,10.057050803572707
863,-11.3929800222991
864,12.580536863554343
865,11.042799203442527
866,10.864617770475533
867,-8.129197317297496
868,-38.24458066273729
869,38.386734878516506
870,-7.0948117913806925
871,0.0
872,8.338123381644493
873,-10.512476347806398
874,8.747573074058721
875,15.931848172451723
876,0.0
877,-35.36956187754808
878,9.914864210290517
879,-7.843659959480192
880,9.783273814280903
881,8.936744769289078
882,0.0
883,10.22434624338183
884,5.439301072874642
885,12.476886442935282
886,-35.22152543531185
887,0.0
888,12.656422654353662
889,13.307384560705913
890,15.70879588318114
891,9.025198214639275
892,0.0
893,1.7828202387784557
894,12.127576240767581
895,0.0
896,-13.858063192122287
897,15.888373681568964
898,9.346532835345357
899,-7.5877035063084435
900,35.3012760333221
901,8.26268969319942
902,19.74624252432497
903,10.820081483456619
904,13.88214116315072
905,0.0
906,10.305977640085302
907,17.074532243407035
908,0.0
909,10.738093733807403
910,0.0
911,10.22049189040051
912,-8.969354090488395
913,9.77516466461249
914,10.202044147439608
915,4.77315608262829
916,4.819614036718576
917,10.804960638593954
918,12.574450801327174
919,9.688806860747022
920,10.927194663762748
921,-8.69212266639633
922,0.0
923,0.0
924,14.813978036130337
925,3.9963053431832094
926,10.688737387950084
927,0.0
928,11.410734032170382
929,-8.117518851615003
930,0.0
931,0.0
932,0.0
933,9.501866204507962
934,16.27147957643278
935,11.533718258472533
936,9.804996690270457
937,19.066387842843042
938,10.641311899586242
939,0.0
940,-2.1945984350997634
941,11.31111058581088
942,5.328547122065132
943,34.971966000091896
944,-35.70536400566891
945,11.714087050691148
946,0.0
947,5.337531317119982
948,0.0
949,0.0
950,5.713324281925992
951,7.682422698260126
952,5.353749148993998
953,12.607271730490282
954,0.0
955,15.28747056925917
956,7.54175069866767
957,-35.681169795566205
958,9.596475845239482
959,0.0
960,4.883819292892937
961,10.369849362096232
962,6.5223751364900835
963,9.00489746621011
964,8.560757098078739
965,11.300833524093463
966,0.0
967,8.967897725027711
968,5.357364006805184
969,8.575184400929501
970,12.344758054866887
971,16.5793779747508
972,10.32425829971777
973,6.020382119165475
974,9.099657397586327
975,5.196750575476429
976,13.851970262827805
977,10.782529796845239
978,5.844737285976294
979,6.6244197578866135
980,7.540380261064939
981,5.681988132184202
982,16.300145917255904
983,11.322434505520022
984,16.434633673253927
985,-7.660927176470977
986,10.600626426647324
987,12.80830163379619
988,13.499493325567357
989,-38.729619423824545
990,10.051738361894422
991,10.147397441487328
992,10.285566300202333
993,13.022999995217177
994,10.504690419923833
995,8.8883811156565
996,21.330062881130942
997,0.0
998,9.634399003825166
999,18.514601412513912
1000,5.334927346992245
